"date","alertedSensor","sound","humidity","pressure","temperature","picture","pitch","yaw","roll"
"2020-11-11T19:02:24Z","null","null",76,9,18,"null","","",""
"2020-11-11T19:05:39Z","null","null",63,3,15,"null","","",""
"2020-11-11T19:05:45Z","null","null",60,6,21,"null","","",""
"2020-11-11T19:05:51Z","null","null",82,6,20,"null","","",""
"2020-11-11T19:05:57Z","null","null",86,2,20,"null","","",""
"2020-11-11T19:06:03Z","null","null",58,2,19,"null","","",""
"2020-11-11T19:06:09Z","null","null",77,8,18,"null","","",""
"2020-11-12T01:14:58Z","null","null",66,0,19,"null","","",""
"2020-11-12T01:28:11Z","null","null",73,0,22,"null","","",""
"2020-11-12T01:28:16Z","null","null",52,8,23,"null","","",""
"2020-11-12T01:28:22Z","null","null",53,5,23,"null","","",""
"2020-11-12T01:28:28Z","null","null",52,8,24,"null","","",""
"2020-11-12T01:28:33Z","null","null",52,8,14,"null","","",""
"2020-11-12T01:28:38Z","null","null",68,7,18,"null","","",""
"2020-11-12T01:40:19Z","null","null",89,6,15,"null","","",""
"2020-11-12T01:47:15Z","null","null",83,4,19,"null","","",""
"2020-11-12T02:00:18Z","null","null",12,1048,111,"null","","",""
"2020-11-12T02:02:23Z","null","null",45,1013,25,"null","","",""
"2020-11-12T02:02:28Z","null","null",45,1013,25,"null","","",""
"2020-11-12T02:02:34Z","null","null",45,1013,25,"null","","",""
"2020-11-12T02:02:39Z","null","null",46,1013,25,"null","","",""
"2020-11-12T02:27:54Z","null","null",30,601,25,"null","","",""
"2020-11-12T02:27:59Z","null","null",30,601,25,"null","","",""
"2020-11-12T02:36:40Z","null","null",30,601,25,"null","","",""
"2020-11-12T02:36:45Z","null","null",30,601,25,"null","","",""
"2020-11-12T02:36:51Z","null","null",30,601,25,"null","","",""
"2020-11-12T02:36:57Z","null","null",30,601,25,"null","","",""
"2020-11-12T02:37:08Z","null","null",30,601,25,"null","","",""
"2020-11-12T02:37:13Z","null","null",30,601,25,"null","","",""
"2020-11-12T02:37:18Z","null","null",30,601,25,"null","","",""
"2020-11-12T02:37:24Z","null","null",30,601,25,"null","","",""
"2020-11-12T02:37:29Z","null","null",30,601,25,"null","","",""
"2020-11-12T02:37:35Z","null","null",30,601,25,"null","","",""
"2020-11-12T02:37:40Z","null","null",30,601,25,"null","","",""
"2020-11-12T02:37:45Z","null","null",30,601,25,"null","","",""
"2020-11-12T02:37:50Z","null","null",30,601,25,"null","","",""
"2020-11-12T02:37:56Z","null","null",30,601,25,"null","","",""
"2020-11-12T02:38:01Z","null","null",30,601,25,"null","","",""
"2020-11-12T02:38:07Z","null","null",31,601,25,"null","","",""
"2020-11-12T02:38:12Z","null","null",30,601,25,"null","","",""
"2020-11-12T02:38:17Z","null","null",30,601,25,"null","","",""
"2020-11-12T02:38:23Z","null","null",30,601,25,"null","","",""
"2020-11-12T02:38:33Z","null","null",30,601,25,"null","","",""
"2020-11-12T02:38:39Z","null","null",30,601,25,"null","","",""
"2020-11-12T02:38:44Z","null","null",30,601,25,"null","","",""
"2020-11-12T02:38:50Z","null","null",30,601,25,"null","","",""
"2020-11-12T02:38:55Z","null","null",30,601,25,"null","","",""
"2020-11-12T02:39:00Z","null","null",30,601,25,"null","","",""
"2020-11-12T02:39:06Z","null","null",30,601,25,"null","","",""
"2020-11-12T02:39:11Z","null","null",30,601,25,"null","","",""
"2020-11-12T02:39:17Z","null","null",30,601,25,"null","","",""
"2020-11-12T02:39:22Z","null","null",30,601,25,"null","","",""
"2020-11-12T02:39:27Z","null","null",30,601,25,"null","","",""
"2020-11-12T02:39:34Z","null","null",30,601,25,"null","","",""
"2020-11-12T02:39:39Z","null","null",30,601,25,"null","","",""
"2020-11-12T02:39:44Z","null","null",30,601,25,"null","","",""
"2020-11-12T02:39:55Z","null","null",30,601,25,"null","","",""
"2020-11-12T02:40:00Z","null","null",30,601,25,"null","","",""
"2020-11-12T02:40:06Z","null","null",30,601,25,"null","","",""
"2020-11-12T02:40:11Z","null","null",30,601,25,"null","","",""
"2020-11-12T02:40:16Z","null","null",30,601,25,"null","","",""
"2020-11-12T02:40:21Z","null","null",30,601,25,"null","","",""
"2020-11-12T02:40:27Z","null","null",30,601,25,"null","","",""
"2020-11-12T02:40:33Z","null","null",30,601,25,"null","","",""
"2020-11-12T02:40:38Z","null","null",30,601,25,"null","","",""
"2020-11-12T02:40:44Z","null","null",30,601,25,"null","","",""
"2020-11-12T02:40:50Z","null","null",30,601,25,"null","","",""
"2020-11-12T02:40:55Z","null","null",30,601,25,"null","","",""
"2020-11-12T02:41:01Z","null","null",30,601,25,"null","","",""
"2020-11-12T02:41:06Z","null","null",30,601,25,"null","","",""
"2020-11-12T02:41:12Z","null","null",30,601,25,"null","","",""
"2020-11-12T02:41:17Z","null","null",30,601,25,"null","","",""
"2020-11-12T02:41:22Z","null","null",30,601,25,"null","","",""
"2020-11-12T02:41:28Z","null","null",30,601,25,"null","","",""
"2020-11-12T02:41:33Z","null","null",30,601,25,"null","","",""
"2020-11-12T02:41:38Z","null","null",30,601,25,"null","","",""
"2020-11-12T02:41:44Z","null","null",30,601,25,"null","","",""
"2020-11-12T02:41:49Z","null","null",30,601,25,"null","","",""
"2020-11-12T02:41:54Z","null","null",30,601,25,"null","","",""
"2020-11-12T02:41:59Z","null","null",30,601,25,"null","","",""
"2020-11-12T02:42:10Z","null","null",30,601,25,"null","","",""
"2020-11-12T02:42:15Z","null","null",30,601,25,"null","","",""
"2020-11-12T02:42:21Z","null","null",30,601,25,"null","","",""
"2020-11-12T02:42:26Z","null","null",30,601,25,"null","","",""
"2020-11-12T02:42:31Z","null","null",30,601,25,"null","","",""
"2020-11-12T02:42:37Z","null","null",30,601,25,"null","","",""
"2020-11-12T02:42:42Z","null","null",30,601,25,"null","","",""
"2020-11-12T02:42:48Z","null","null",30,601,25,"null","","",""
"2020-11-12T02:42:53Z","null","null",30,601,25,"null","","",""
"2020-11-12T02:42:59Z","null","null",30,601,25,"null","","",""
"2020-11-12T02:43:05Z","null","null",30,601,25,"null","","",""
"2020-11-12T02:43:10Z","null","null",30,601,25,"null","","",""
"2020-11-12T02:43:15Z","null","null",30,601,25,"null","","",""
"2020-11-12T02:43:21Z","null","null",30,601,25,"null","","",""
"2020-11-12T02:43:26Z","null","null",30,601,25,"null","","",""
"2020-11-12T02:43:32Z","null","null",30,601,25,"null","","",""
"2020-11-12T02:43:37Z","null","null",30,601,25,"null","","",""
"2020-11-12T02:43:43Z","null","null",30,601,25,"null","","",""
"2020-11-12T02:43:48Z","null","null",30,601,25,"null","","",""
"2020-11-12T02:43:54Z","null","null",30,601,25,"null","","",""
"2020-11-12T02:43:59Z","null","null",30,601,25,"null","","",""
"2020-11-12T02:44:04Z","null","null",30,601,25,"null","","",""
"2020-11-12T02:44:10Z","null","null",30,601,25,"null","","",""
"2020-11-12T02:44:15Z","null","null",30,601,25,"null","","",""
"2020-11-12T02:44:21Z","null","null",30,601,25,"null","","",""
"2020-11-12T02:44:26Z","null","null",30,601,25,"null","","",""
"2020-11-12T02:44:32Z","null","null",30,600,25,"null","","",""
"2020-11-12T02:44:37Z","null","null",30,601,25,"null","","",""
"2020-11-12T02:44:43Z","null","null",30,601,25,"null","","",""
"2020-11-12T02:44:53Z","null","null",30,601,25,"null","","",""
"2020-11-12T02:44:59Z","null","null",30,601,25,"null","","",""
"2020-11-12T02:45:04Z","null","null",30,601,25,"null","","",""
"2020-11-12T02:45:09Z","null","null",30,601,25,"null","","",""
"2020-11-12T02:45:15Z","null","null",30,601,25,"null","","",""
"2020-11-12T02:45:20Z","null","null",30,601,25,"null","","",""
"2020-11-12T02:45:25Z","null","null",30,601,25,"null","","",""
"2020-11-12T02:45:31Z","null","null",30,601,25,"null","","",""
"2020-11-12T02:45:36Z","null","null",30,601,25,"null","","",""
"2020-11-12T02:45:42Z","null","null",30,601,25,"null","","",""
"2020-11-12T02:45:47Z","null","null",30,601,25,"null","","",""
"2020-11-12T02:45:52Z","null","null",30,601,25,"null","","",""
"2020-11-12T02:45:57Z","null","null",30,601,25,"null","","",""
"2020-11-12T02:46:03Z","null","null",30,601,25,"null","","",""
"2020-11-12T02:46:08Z","null","null",30,601,25,"null","","",""
"2020-11-12T02:46:14Z","null","null",30,601,25,"null","","",""
"2020-11-12T02:46:19Z","null","null",30,601,25,"null","","",""
"2020-11-12T02:46:25Z","null","null",30,601,25,"null","","",""
"2020-11-12T02:46:30Z","null","null",30,601,25,"null","","",""
"2020-11-12T02:46:41Z","null","null",30,601,25,"null","","",""
"2020-11-12T02:46:46Z","null","null",30,601,25,"null","","",""
"2020-11-12T02:46:51Z","null","null",30,601,25,"null","","",""
"2020-11-12T02:46:57Z","null","null",30,601,25,"null","","",""
"2020-11-12T02:47:02Z","null","null",30,601,25,"null","","",""
"2020-11-12T02:47:07Z","null","null",30,601,25,"null","","",""
"2020-11-12T02:47:13Z","null","null",30,601,25,"null","","",""
"2020-11-12T02:47:18Z","null","null",30,601,25,"null","","",""
"2020-11-12T02:47:25Z","null","null",30,601,25,"null","","",""
"2020-11-12T02:47:31Z","null","null",30,601,25,"null","","",""
"2020-11-12T02:47:36Z","null","null",30,601,25,"null","","",""
"2020-11-12T02:47:41Z","null","null",30,601,25,"null","","",""
"2020-11-12T02:47:47Z","null","null",30,601,25,"null","","",""
"2020-11-12T02:47:52Z","null","null",30,601,25,"null","","",""
"2020-11-12T02:47:57Z","null","null",30,601,25,"null","","",""
"2020-11-12T02:48:03Z","null","null",30,601,25,"null","","",""
"2020-11-12T02:48:08Z","null","null",30,601,25,"null","","",""
"2020-11-12T02:48:13Z","null","null",30,601,25,"null","","",""
"2020-11-12T02:48:18Z","null","null",30,601,25,"null","","",""
"2020-11-12T02:48:24Z","null","null",30,601,25,"null","","",""
"2020-11-12T02:48:35Z","null","null",30,601,25,"null","","",""
"2020-11-12T02:48:40Z","null","null",30,601,25,"null","","",""
"2020-11-12T02:48:46Z","null","null",30,601,25,"null","","",""
"2020-11-12T02:48:51Z","null","null",30,601,25,"null","","",""
"2020-11-12T02:48:56Z","null","null",30,601,25,"null","","",""
"2020-11-12T02:49:02Z","null","null",30,601,25,"null","","",""
"2020-11-12T02:49:07Z","null","null",30,601,25,"null","","",""
"2020-11-12T02:49:13Z","null","null",30,601,25,"null","","",""
"2020-11-12T02:49:18Z","null","null",30,601,25,"null","","",""
"2020-11-12T02:49:23Z","null","null",30,601,25,"null","","",""
"2020-11-12T02:49:29Z","null","null",30,601,25,"null","","",""
"2020-11-12T02:49:34Z","null","null",30,601,25,"null","","",""
"2020-11-12T02:49:39Z","null","null",30,601,25,"null","","",""
"2020-11-12T02:49:45Z","null","null",30,601,25,"null","","",""
"2020-11-12T02:49:50Z","null","null",30,601,25,"null","","",""
"2020-11-12T02:49:56Z","null","null",30,601,25,"null","","",""
"2020-11-12T02:50:01Z","null","null",30,601,25,"null","","",""
"2020-11-12T02:50:06Z","null","null",30,601,25,"null","","",""
"2020-11-12T02:50:12Z","null","null",30,601,25,"null","","",""
"2020-11-12T02:50:18Z","null","null",30,601,25,"null","","",""
"2020-11-12T02:50:24Z","null","null",30,601,25,"null","","",""
"2020-11-12T02:50:29Z","null","null",30,601,25,"null","","",""
"2020-11-12T02:50:35Z","null","null",30,601,25,"null","","",""
"2020-11-12T02:50:46Z","null","null",30,601,25,"null","","",""
"2020-11-12T02:50:51Z","null","null",30,601,25,"null","","",""
"2020-11-12T02:50:56Z","null","null",30,601,25,"null","","",""
"2020-11-12T02:51:02Z","null","null",30,601,25,"null","","",""
"2020-11-12T02:51:07Z","null","null",30,601,25,"null","","",""
"2020-11-12T02:51:13Z","null","null",30,601,25,"null","","",""
"2020-11-12T02:51:18Z","null","null",30,601,25,"null","","",""
"2020-11-12T02:51:24Z","null","null",30,601,25,"null","","",""
"2020-11-12T02:51:29Z","null","null",30,601,25,"null","","",""
"2020-11-12T02:51:35Z","null","null",30,601,25,"null","","",""
"2020-11-12T02:51:40Z","null","null",30,601,25,"null","","",""
"2020-11-12T02:51:46Z","null","null",30,601,25,"null","","",""
"2020-11-12T02:51:51Z","null","null",30,601,25,"null","","",""
"2020-11-12T02:51:56Z","null","null",30,601,25,"null","","",""
"2020-11-12T02:52:02Z","null","null",30,601,25,"null","","",""
"2020-11-12T02:52:07Z","null","null",30,601,25,"null","","",""
"2020-11-12T02:52:12Z","null","null",30,601,25,"null","","",""
"2020-11-12T02:52:23Z","null","null",30,601,25,"null","","",""
"2020-11-12T02:52:28Z","null","null",30,601,25,"null","","",""
"2020-11-12T02:52:33Z","null","null",30,601,25,"null","","",""
"2020-11-12T02:52:39Z","null","null",30,601,25,"null","","",""
"2020-11-12T02:52:44Z","null","null",30,601,25,"null","","",""
"2020-11-12T02:52:50Z","null","null",30,601,25,"null","","",""
"2020-11-12T02:52:55Z","null","null",30,601,25,"null","","",""
"2020-11-12T02:53:00Z","null","null",30,601,25,"null","","",""
"2020-11-12T02:53:06Z","null","null",30,601,25,"null","","",""
"2020-11-12T02:53:11Z","null","null",30,601,25,"null","","",""
"2020-11-12T02:53:16Z","null","null",30,601,25,"null","","",""
"2020-11-12T02:53:22Z","null","null",30,601,25,"null","","",""
"2020-11-12T02:53:27Z","null","null",30,601,25,"null","","",""
"2020-11-12T02:53:32Z","null","null",30,601,25,"null","","",""
"2020-11-12T02:53:38Z","null","null",30,601,25,"null","","",""
"2020-11-12T02:53:49Z","null","null",30,601,25,"null","","",""
"2020-11-12T02:53:54Z","null","null",30,601,25,"null","","",""
"2020-11-12T02:53:59Z","null","null",29,601,25,"null","","",""
"2020-11-12T02:54:05Z","null","null",30,601,25,"null","","",""
"2020-11-12T02:54:10Z","null","null",30,601,25,"null","","",""
"2020-11-12T02:54:16Z","null","null",30,601,25,"null","","",""
"2020-11-12T02:54:21Z","null","null",30,601,25,"null","","",""
"2020-11-12T02:54:26Z","null","null",30,601,25,"null","","",""
"2020-11-12T02:54:32Z","null","null",30,601,25,"null","","",""
"2020-11-12T02:54:37Z","null","null",30,601,25,"null","","",""
"2020-11-12T02:54:43Z","null","null",30,601,25,"null","","",""
"2020-11-12T02:54:48Z","null","null",30,601,25,"null","","",""
"2020-11-12T02:54:53Z","null","null",30,601,25,"null","","",""
"2020-11-12T02:54:59Z","null","null",30,601,25,"null","","",""
"2020-11-12T02:55:10Z","null","null",30,601,25,"null","","",""
"2020-11-12T02:55:15Z","null","null",30,601,25,"null","","",""
"2020-11-12T02:55:20Z","null","null",30,601,25,"null","","",""
"2020-11-12T02:55:26Z","null","null",30,601,25,"null","","",""
"2020-11-12T02:55:31Z","null","null",30,601,25,"null","","",""
"2020-11-12T02:55:36Z","null","null",30,601,25,"null","","",""
"2020-11-12T02:55:42Z","null","null",30,601,25,"null","","",""
"2020-11-12T02:55:47Z","null","null",30,601,25,"null","","",""
"2020-11-12T02:55:52Z","null","null",30,601,25,"null","","",""
"2020-11-12T02:55:58Z","null","null",30,601,25,"null","","",""
"2020-11-12T02:56:03Z","null","null",30,601,25,"null","","",""
"2020-11-12T02:56:08Z","null","null",30,601,25,"null","","",""
"2020-11-12T02:56:14Z","null","null",30,601,25,"null","","",""
"2020-11-12T02:56:19Z","null","null",30,601,25,"null","","",""
"2020-11-12T02:56:25Z","null","null",30,601,25,"null","","",""
"2020-11-12T02:56:30Z","null","null",30,601,25,"null","","",""
"2020-11-12T02:56:35Z","null","null",30,601,25,"null","","",""
"2020-11-12T02:56:41Z","null","null",30,601,25,"null","","",""
"2020-11-12T02:56:46Z","null","null",30,601,25,"null","","",""
"2020-11-12T02:56:51Z","null","null",30,601,25,"null","","",""
"2020-11-12T02:56:57Z","null","null",30,601,25,"null","","",""
"2020-11-12T02:57:08Z","null","null",30,601,25,"null","","",""
"2020-11-12T02:57:13Z","null","null",30,601,25,"null","","",""
"2020-11-12T02:57:18Z","null","null",30,601,25,"null","","",""
"2020-11-12T02:57:24Z","null","null",30,601,25,"null","","",""
"2020-11-12T02:57:29Z","null","null",30,601,25,"null","","",""
"2020-11-12T02:57:35Z","null","null",30,601,25,"null","","",""
"2020-11-12T02:57:40Z","null","null",30,601,25,"null","","",""
"2020-11-12T02:57:45Z","null","null",30,601,25,"null","","",""
"2020-11-12T02:57:51Z","null","null",30,601,25,"null","","",""
"2020-11-12T02:57:56Z","null","null",30,601,25,"null","","",""
"2020-11-12T02:58:02Z","null","null",29,601,25,"null","","",""
"2020-11-12T02:58:07Z","null","null",30,601,25,"null","","",""
"2020-11-12T02:58:12Z","null","null",30,601,25,"null","","",""
"2020-11-12T02:58:17Z","null","null",30,601,25,"null","","",""
"2020-11-12T02:58:23Z","null","null",30,601,25,"null","","",""
"2020-11-12T02:58:34Z","null","null",30,601,25,"null","","",""
"2020-11-12T02:58:39Z","null","null",30,601,25,"null","","",""
"2020-11-12T02:58:44Z","null","null",31,601,25,"null","","",""
"2020-11-12T02:58:50Z","null","null",30,601,25,"null","","",""
"2020-11-12T02:58:55Z","null","null",30,601,25,"null","","",""
"2020-11-12T02:59:00Z","null","null",30,601,25,"null","","",""
"2020-11-12T02:59:05Z","null","null",30,601,25,"null","","",""
"2020-11-12T02:59:11Z","null","null",30,601,25,"null","","",""
"2020-11-12T02:59:16Z","null","null",30,601,25,"null","","",""
"2020-11-12T02:59:21Z","null","null",30,601,25,"null","","",""
"2020-11-12T02:59:27Z","null","null",30,601,25,"null","","",""
"2020-11-12T02:59:32Z","null","null",30,601,25,"null","","",""
"2020-11-12T02:59:38Z","null","null",30,601,25,"null","","",""
"2020-11-12T02:59:43Z","null","null",30,601,25,"null","","",""
"2020-11-12T02:59:50Z","null","null",30,601,25,"null","","",""
"2020-11-12T02:59:55Z","null","null",30,601,25,"null","","",""
"2020-11-12T03:00:00Z","null","null",30,601,25,"null","","",""
"2020-11-12T03:00:06Z","null","null",30,601,25,"null","","",""
"2020-11-12T03:00:17Z","null","null",30,601,25,"null","","",""
"2020-11-12T03:00:22Z","null","null",30,601,25,"null","","",""
"2020-11-12T03:00:28Z","null","null",30,601,25,"null","","",""
"2020-11-12T03:00:34Z","null","null",30,601,25,"null","","",""
"2020-11-12T03:00:39Z","null","null",30,601,25,"null","","",""
"2020-11-12T03:00:45Z","null","null",30,601,25,"null","","",""
"2020-11-12T03:00:50Z","null","null",30,601,25,"null","","",""
"2020-11-12T03:00:55Z","null","null",29,601,25,"null","","",""
"2020-11-12T03:01:01Z","null","null",30,601,25,"null","","",""
"2020-11-12T03:01:12Z","null","null",30,601,25,"null","","",""
"2020-11-12T03:01:17Z","null","null",30,601,25,"null","","",""
"2020-11-12T03:01:22Z","null","null",30,601,25,"null","","",""
"2020-11-12T03:01:28Z","null","null",30,601,25,"null","","",""
"2020-11-12T03:01:33Z","null","null",30,601,25,"null","","",""
"2020-11-12T03:01:38Z","null","null",30,601,25,"null","","",""
"2020-11-12T03:01:44Z","null","null",30,601,25,"null","","",""
"2020-11-12T03:01:49Z","null","null",30,601,25,"null","","",""
"2020-11-12T03:01:55Z","null","null",30,601,25,"null","","",""
"2020-11-12T03:02:00Z","null","null",30,601,25,"null","","",""
"2020-11-12T03:02:05Z","null","null",30,601,25,"null","","",""
"2020-11-12T03:02:11Z","null","null",30,601,25,"null","","",""
"2020-11-12T03:02:16Z","null","null",30,601,25,"null","","",""
"2020-11-12T03:02:21Z","null","null",30,601,25,"null","","",""
"2020-11-12T03:02:27Z","null","null",30,601,25,"null","","",""
"2020-11-12T03:02:32Z","null","null",30,601,25,"null","","",""
"2020-11-12T03:02:43Z","null","null",30,601,25,"null","","",""
"2020-11-12T03:02:48Z","null","null",30,601,25,"null","","",""
"2020-11-12T03:02:54Z","null","null",30,601,25,"null","","",""
"2020-11-12T03:02:59Z","null","null",30,601,25,"null","","",""
"2020-11-12T03:03:05Z","null","null",30,601,25,"null","","",""
"2020-11-12T03:03:10Z","null","null",30,601,25,"null","","",""
"2020-11-12T03:03:16Z","null","null",30,601,25,"null","","",""
"2020-11-12T03:03:21Z","null","null",30,601,25,"null","","",""
"2020-11-12T03:03:27Z","null","null",30,601,25,"null","","",""
"2020-11-12T03:03:32Z","null","null",30,601,25,"null","","",""
"2020-11-12T03:03:38Z","null","null",30,601,25,"null","","",""
"2020-11-12T03:03:43Z","null","null",30,601,25,"null","","",""
"2020-11-12T03:03:48Z","null","null",30,601,25,"null","","",""
"2020-11-12T03:03:54Z","null","null",30,601,25,"null","","",""
"2020-11-12T03:03:59Z","null","null",30,601,25,"null","","",""
"2020-11-12T03:04:04Z","null","null",30,601,25,"null","","",""
"2020-11-12T03:04:10Z","null","null",30,601,25,"null","","",""
"2020-11-12T03:04:15Z","null","null",30,601,25,"null","","",""
"2020-11-12T03:04:26Z","null","null",30,601,25,"null","","",""
"2020-11-12T03:04:31Z","null","null",30,601,25,"null","","",""
"2020-11-12T03:04:36Z","null","null",30,601,25,"null","","",""
"2020-11-12T03:04:42Z","null","null",30,601,25,"null","","",""
"2020-11-12T03:04:47Z","null","null",30,601,25,"null","","",""
"2020-11-12T03:04:52Z","null","null",30,601,25,"null","","",""
"2020-11-12T03:04:58Z","null","null",30,601,25,"null","","",""
"2020-11-12T03:05:03Z","null","null",30,601,25,"null","","",""
"2020-11-12T03:05:08Z","null","null",30,601,25,"null","","",""
"2020-11-12T03:05:14Z","null","null",30,601,25,"null","","",""
"2020-11-12T03:05:19Z","null","null",30,601,25,"null","","",""
"2020-11-12T03:05:25Z","null","null",30,601,25,"null","","",""
"2020-11-12T03:05:31Z","null","null",30,601,25,"null","","",""
"2020-11-12T03:05:36Z","null","null",29,601,25,"null","","",""
"2020-11-12T03:05:47Z","null","null",30,601,25,"null","","",""
"2020-11-12T03:05:52Z","null","null",30,601,25,"null","","",""
"2020-11-12T03:05:58Z","null","null",30,601,25,"null","","",""
"2020-11-12T03:06:03Z","null","null",30,601,25,"null","","",""
"2020-11-12T03:06:08Z","null","null",31,601,25,"null","","",""
"2020-11-12T03:06:14Z","null","null",30,601,25,"null","","",""
"2020-11-12T03:06:19Z","null","null",30,601,25,"null","","",""
"2020-11-12T03:06:25Z","null","null",30,601,25,"null","","",""
"2020-11-12T03:06:30Z","null","null",30,601,25,"null","","",""
"2020-11-12T03:06:35Z","null","null",30,601,25,"null","","",""
"2020-11-12T03:06:41Z","null","null",30,601,25,"null","","",""
"2020-11-12T03:06:46Z","null","null",30,601,25,"null","","",""
"2020-11-12T03:06:52Z","null","null",30,601,25,"null","","",""
"2020-11-12T03:06:57Z","null","null",30,601,25,"null","","",""
"2020-11-12T03:07:02Z","null","null",30,601,25,"null","","",""
"2020-11-12T03:07:08Z","null","null",30,601,25,"null","","",""
"2020-11-12T03:07:13Z","null","null",30,601,25,"null","","",""
"2020-11-12T03:07:19Z","null","null",31,601,25,"null","","",""
"2020-11-12T03:07:25Z","null","null",30,601,25,"null","","",""
"2020-11-12T03:07:36Z","null","null",30,601,25,"null","","",""
"2020-11-12T03:07:41Z","null","null",30,601,25,"null","","",""
"2020-11-12T03:07:46Z","null","null",30,601,25,"null","","",""
"2020-11-12T03:07:51Z","null","null",29,601,25,"null","","",""
"2020-11-12T03:07:57Z","null","null",30,601,25,"null","","",""
"2020-11-12T03:08:02Z","null","null",30,601,25,"null","","",""
"2020-11-12T03:08:08Z","null","null",30,601,25,"null","","",""
"2020-11-12T03:08:14Z","null","null",30,601,25,"null","","",""
"2020-11-12T03:08:19Z","null","null",30,601,25,"null","","",""
"2020-11-12T03:08:24Z","null","null",30,601,25,"null","","",""
"2020-11-12T03:08:30Z","null","null",30,601,25,"null","","",""
"2020-11-12T03:08:35Z","null","null",30,601,25,"null","","",""
"2020-11-12T03:08:40Z","null","null",30,601,25,"null","","",""
"2020-11-12T03:08:47Z","null","null",30,601,25,"null","","",""
"2020-11-12T03:08:52Z","null","null",30,601,25,"null","","",""
"2020-11-12T03:08:57Z","null","null",30,601,25,"null","","",""
"2020-11-12T03:09:08Z","null","null",29,601,25,"null","","",""
"2020-11-12T03:09:14Z","null","null",30,601,25,"null","","",""
"2020-11-12T03:09:19Z","null","null",29,601,25,"null","","",""
"2020-11-12T03:09:25Z","null","null",30,601,25,"null","","",""
"2020-11-12T03:09:32Z","null","null",30,601,25,"null","","",""
"2020-11-12T03:09:42Z","null","null",30,601,25,"null","","",""
"2020-11-12T03:09:48Z","null","null",30,601,25,"null","","",""
"2020-11-12T03:09:53Z","null","null",30,601,25,"null","","",""
"2020-11-12T03:09:59Z","null","null",30,601,25,"null","","",""
"2020-11-12T03:10:04Z","null","null",30,601,25,"null","","",""
"2020-11-12T03:10:09Z","null","null",30,601,25,"null","","",""
"2020-11-12T03:10:15Z","null","null",30,601,25,"null","","",""
"2020-11-12T03:10:20Z","null","null",30,601,25,"null","","",""
"2020-11-12T03:10:26Z","null","null",30,601,25,"null","","",""
"2020-11-12T03:10:31Z","null","null",30,601,25,"null","","",""
"2020-11-12T03:10:37Z","null","null",30,601,25,"null","","",""
"2020-11-12T03:10:42Z","null","null",30,601,25,"null","","",""
"2020-11-12T03:10:48Z","null","null",30,601,25,"null","","",""
"2020-11-12T03:10:53Z","null","null",30,601,25,"null","","",""
"2020-11-12T03:10:59Z","null","null",30,601,25,"null","","",""
"2020-11-12T03:11:04Z","null","null",30,601,25,"null","","",""
"2020-11-12T03:11:09Z","null","null",30,601,25,"null","","",""
"2020-11-12T03:11:15Z","null","null",30,601,25,"null","","",""
"2020-11-12T03:11:20Z","null","null",30,601,25,"null","","",""
"2020-11-12T03:11:31Z","null","null",30,601,25,"null","","",""
"2020-11-12T03:11:36Z","null","null",30,601,25,"null","","",""
"2020-11-12T03:11:42Z","null","null",30,601,25,"null","","",""
"2020-11-12T03:11:47Z","null","null",30,601,25,"null","","",""
"2020-11-12T03:11:52Z","null","null",30,601,25,"null","","",""
"2020-11-12T03:11:58Z","null","null",30,601,25,"null","","",""
"2020-11-12T03:12:03Z","null","null",30,601,25,"null","","",""
"2020-11-12T03:12:08Z","null","null",30,601,25,"null","","",""
"2020-11-12T03:12:14Z","null","null",30,601,25,"null","","",""
"2020-11-12T03:12:20Z","null","null",30,601,25,"null","","",""
"2020-11-12T03:12:25Z","null","null",30,601,25,"null","","",""
"2020-11-12T03:12:30Z","null","null",30,601,25,"null","","",""
"2020-11-12T03:12:36Z","null","null",30,601,25,"null","","",""
"2020-11-12T03:12:41Z","null","null",30,601,25,"null","","",""
"2020-11-12T03:12:46Z","null","null",30,601,25,"null","","",""
"2020-11-12T03:12:57Z","null","null",30,601,25,"null","","",""
"2020-11-12T03:13:02Z","null","null",30,601,25,"null","","",""
"2020-11-12T03:13:08Z","null","null",30,601,25,"null","","",""
"2020-11-12T03:13:13Z","null","null",30,601,25,"null","","",""
"2020-11-12T03:13:18Z","null","null",30,601,25,"null","","",""
"2020-11-12T03:13:24Z","null","null",30,601,25,"null","","",""
"2020-11-12T03:13:29Z","null","null",30,601,25,"null","","",""
"2020-11-12T03:13:34Z","null","null",30,601,25,"null","","",""
"2020-11-12T03:13:40Z","null","null",30,601,25,"null","","",""
"2020-11-12T03:13:45Z","null","null",30,600,25,"null","","",""
"2020-11-12T03:13:51Z","null","null",30,601,25,"null","","",""
"2020-11-12T03:13:56Z","null","null",30,601,25,"null","","",""
"2020-11-12T03:14:02Z","null","null",30,601,25,"null","","",""
"2020-11-12T03:14:08Z","null","null",30,601,25,"null","","",""
"2020-11-12T03:14:13Z","null","null",30,601,25,"null","","",""
"2020-11-12T03:14:24Z","null","null",30,601,25,"null","","",""
"2020-11-12T03:14:29Z","null","null",30,601,25,"null","","",""
"2020-11-12T03:14:35Z","null","null",30,601,25,"null","","",""
"2020-11-12T03:14:40Z","null","null",30,601,25,"null","","",""
"2020-11-12T03:14:45Z","null","null",30,601,25,"null","","",""
"2020-11-12T03:14:51Z","null","null",30,601,25,"null","","",""
"2020-11-12T03:14:56Z","null","null",30,601,25,"null","","",""
"2020-11-12T03:15:01Z","null","null",30,601,25,"null","","",""
"2020-11-12T03:15:08Z","null","null",30,601,25,"null","","",""
"2020-11-12T03:15:13Z","null","null",30,601,25,"null","","",""
"2020-11-12T03:15:18Z","null","null",30,601,25,"null","","",""
"2020-11-12T03:15:24Z","null","null",30,601,25,"null","","",""
"2020-11-12T03:15:29Z","null","null",30,601,25,"null","","",""
"2020-11-12T03:15:35Z","null","null",30,601,25,"null","","",""
"2020-11-12T03:15:40Z","null","null",30,601,25,"null","","",""
"2020-11-12T03:15:45Z","null","null",30,601,25,"null","","",""
"2020-11-12T03:15:56Z","null","null",30,601,25,"null","","",""
"2020-11-12T03:16:01Z","null","null",30,601,25,"null","","",""
"2020-11-12T03:16:07Z","null","null",30,601,25,"null","","",""
"2020-11-12T03:16:12Z","null","null",30,601,25,"null","","",""
"2020-11-12T03:16:17Z","null","null",30,601,25,"null","","",""
"2020-11-12T03:16:23Z","null","null",30,601,25,"null","","",""
"2020-11-12T03:16:28Z","null","null",30,601,25,"null","","",""
"2020-11-12T03:16:33Z","null","null",30,601,25,"null","","",""
"2020-11-12T03:16:39Z","null","null",30,601,25,"null","","",""
"2020-11-12T03:16:44Z","null","null",30,601,25,"null","","",""
"2020-11-12T03:16:49Z","null","null",30,600,25,"null","","",""
"2020-11-12T03:16:55Z","null","null",30,601,25,"null","","",""
"2020-11-12T03:17:05Z","null","null",30,601,25,"null","","",""
"2020-11-12T03:17:11Z","null","null",30,601,25,"null","","",""
"2020-11-12T03:17:16Z","null","null",30,601,25,"null","","",""
"2020-11-12T03:17:21Z","null","null",30,601,25,"null","","",""
"2020-11-12T03:17:27Z","null","null",30,601,25,"null","","",""
"2020-11-12T03:17:38Z","null","null",30,601,25,"null","","",""
"2020-11-12T03:17:43Z","null","null",30,601,25,"null","","",""
"2020-11-12T03:17:48Z","null","null",30,601,25,"null","","",""
"2020-11-12T03:17:54Z","null","null",30,601,25,"null","","",""
"2020-11-12T03:17:59Z","null","null",30,601,25,"null","","",""
"2020-11-12T03:18:04Z","null","null",30,601,25,"null","","",""
"2020-11-12T03:18:10Z","null","null",30,601,25,"null","","",""
"2020-11-12T03:18:15Z","null","null",30,601,25,"null","","",""
"2020-11-12T03:18:20Z","null","null",30,601,25,"null","","",""
"2020-11-12T03:18:26Z","null","null",30,601,25,"null","","",""
"2020-11-12T03:18:31Z","null","null",30,601,25,"null","","",""
"2020-11-12T03:18:37Z","null","null",30,601,25,"null","","",""
"2020-11-12T03:18:42Z","null","null",30,601,25,"null","","",""
"2020-11-12T03:18:48Z","null","null",30,601,25,"null","","",""
"2020-11-12T03:18:59Z","null","null",30,601,25,"null","","",""
"2020-11-12T03:19:04Z","null","null",30,601,25,"null","","",""
"2020-11-12T03:19:09Z","null","null",30,601,25,"null","","",""
"2020-11-12T03:19:16Z","null","null",30,601,25,"null","","",""
"2020-11-12T03:19:21Z","null","null",30,601,25,"null","","",""
"2020-11-12T03:19:26Z","null","null",30,601,25,"null","","",""
"2020-11-12T03:19:32Z","null","null",30,601,25,"null","","",""
"2020-11-12T03:19:37Z","null","null",30,601,25,"null","","",""
"2020-11-12T03:19:42Z","null","null",30,601,25,"null","","",""
"2020-11-12T03:19:48Z","null","null",30,601,25,"null","","",""
"2020-11-12T03:19:53Z","null","null",30,601,25,"null","","",""
"2020-11-12T03:19:59Z","null","null",30,601,25,"null","","",""
"2020-11-12T03:20:04Z","null","null",30,601,25,"null","","",""
"2020-11-12T03:20:09Z","null","null",30,601,25,"null","","",""
"2020-11-12T03:20:15Z","null","null",30,601,25,"null","","",""
"2020-11-12T03:20:20Z","null","null",30,601,25,"null","","",""
"2020-11-12T03:20:25Z","null","null",30,601,25,"null","","",""
"2020-11-12T03:20:36Z","null","null",30,601,25,"null","","",""
"2020-11-12T03:20:42Z","null","null",30,601,25,"null","","",""
"2020-11-12T03:20:47Z","null","null",30,601,25,"null","","",""
"2020-11-12T03:20:52Z","null","null",30,601,25,"null","","",""
"2020-11-12T03:20:58Z","null","null",30,601,25,"null","","",""
"2020-11-12T03:21:03Z","null","null",30,601,25,"null","","",""
"2020-11-12T03:21:09Z","null","null",30,601,25,"null","","",""
"2020-11-12T03:21:14Z","null","null",30,601,25,"null","","",""
"2020-11-12T03:21:20Z","null","null",30,601,25,"null","","",""
"2020-11-12T03:21:25Z","null","null",30,601,25,"null","","",""
"2020-11-12T03:21:31Z","null","null",30,601,25,"null","","",""
"2020-11-12T03:21:36Z","null","null",30,601,25,"null","","",""
"2020-11-12T03:21:41Z","null","null",30,601,25,"null","","",""
"2020-11-12T03:21:47Z","null","null",30,601,25,"null","","",""
"2020-11-12T03:21:52Z","null","null",30,601,25,"null","","",""
"2020-11-12T03:22:03Z","null","null",30,601,25,"null","","",""
"2020-11-12T03:22:08Z","null","null",30,601,25,"null","","",""
"2020-11-12T03:22:13Z","null","null",30,601,25,"null","","",""
"2020-11-12T03:22:19Z","null","null",30,601,25,"null","","",""
"2020-11-12T03:22:24Z","null","null",30,601,25,"null","","",""
"2020-11-12T03:22:30Z","null","null",30,601,25,"null","","",""
"2020-11-12T03:22:35Z","null","null",30,601,25,"null","","",""
"2020-11-12T03:22:42Z","null","null",30,601,25,"null","","",""
"2020-11-12T03:22:47Z","null","null",30,601,25,"null","","",""
"2020-11-12T03:22:53Z","null","null",30,601,25,"null","","",""
"2020-11-12T03:22:58Z","null","null",30,601,25,"null","","",""
"2020-11-12T03:23:04Z","null","null",30,601,25,"null","","",""
"2020-11-12T03:23:09Z","null","null",30,601,25,"null","","",""
"2020-11-12T03:23:14Z","null","null",30,601,25,"null","","",""
"2020-11-12T03:23:20Z","null","null",30,601,25,"null","","",""
"2020-11-12T03:23:25Z","null","null",30,601,25,"null","","",""
"2020-11-12T03:23:31Z","null","null",30,601,25,"null","","",""
"2020-11-12T03:23:36Z","null","null",30,601,25,"null","","",""
"2020-11-12T03:23:41Z","null","null",30,601,25,"null","","",""
"2020-11-12T03:23:47Z","null","null",30,601,25,"null","","",""
"2020-11-12T03:23:52Z","null","null",30,601,25,"null","","",""
"2020-11-12T03:24:03Z","null","null",30,601,25,"null","","",""
"2020-11-12T03:24:08Z","null","null",30,601,25,"null","","",""
"2020-11-12T03:24:14Z","null","null",30,601,25,"null","","",""
"2020-11-12T03:24:19Z","null","null",30,601,25,"null","","",""
"2020-11-12T03:24:25Z","null","null",30,601,25,"null","","",""
"2020-11-12T03:24:30Z","null","null",30,601,25,"null","","",""
"2020-11-12T03:24:36Z","null","null",30,601,25,"null","","",""
"2020-11-12T03:24:41Z","null","null",30,601,25,"null","","",""
"2020-11-12T03:24:47Z","null","null",30,601,25,"null","","",""
"2020-11-12T03:24:52Z","null","null",30,601,25,"null","","",""
"2020-11-12T03:24:57Z","null","null",30,601,25,"null","","",""
"2020-11-12T03:25:02Z","null","null",30,601,25,"null","","",""
"2020-11-12T03:25:08Z","null","null",30,601,25,"null","","",""
"2020-11-12T03:25:13Z","null","null",30,601,25,"null","","",""
"2020-11-12T03:25:19Z","null","null",30,601,25,"null","","",""
"2020-11-12T03:25:25Z","null","null",30,601,25,"null","","",""
"2020-11-12T03:25:31Z","null","null",30,601,25,"null","","",""
"2020-11-12T03:25:36Z","null","null",30,601,25,"null","","",""
"2020-11-12T03:25:41Z","null","null",30,601,25,"null","","",""
"2020-11-12T03:25:52Z","null","null",30,601,25,"null","","",""
"2020-11-12T03:25:57Z","null","null",30,601,25,"null","","",""
"2020-11-12T03:26:03Z","null","null",30,601,25,"null","","",""
"2020-11-12T03:26:09Z","null","null",30,601,25,"null","","",""
"2020-11-12T03:26:14Z","null","null",31,601,25,"null","","",""
"2020-11-12T03:26:19Z","null","null",30,601,25,"null","","",""
"2020-11-12T03:26:25Z","null","null",30,601,25,"null","","",""
"2020-11-12T03:26:30Z","null","null",30,601,25,"null","","",""
"2020-11-12T03:26:35Z","null","null",30,601,25,"null","","",""
"2020-11-12T03:26:41Z","null","null",30,601,25,"null","","",""
"2020-11-12T03:26:46Z","null","null",30,601,25,"null","","",""
"2020-11-12T03:26:51Z","null","null",30,601,25,"null","","",""
"2020-11-12T03:26:57Z","null","null",30,601,25,"null","","",""
"2020-11-12T03:27:02Z","null","null",30,601,25,"null","","",""
"2020-11-12T03:27:08Z","null","null",30,601,25,"null","","",""
"2020-11-12T03:27:18Z","null","null",30,601,25,"null","","",""
"2020-11-12T03:27:24Z","null","null",30,601,25,"null","","",""
"2020-11-12T03:27:29Z","null","null",30,601,25,"null","","",""
"2020-11-12T03:27:34Z","null","null",30,601,25,"null","","",""
"2020-11-12T03:27:40Z","null","null",30,601,25,"null","","",""
"2020-11-12T03:27:45Z","null","null",30,601,25,"null","","",""
"2020-11-12T03:27:50Z","null","null",30,601,25,"null","","",""
"2020-11-12T03:27:56Z","null","null",30,601,25,"null","","",""
"2020-11-12T03:28:01Z","null","null",30,601,25,"null","","",""
"2020-11-12T03:28:07Z","null","null",30,601,25,"null","","",""
"2020-11-12T03:28:12Z","null","null",30,601,25,"null","","",""
"2020-11-12T03:28:17Z","null","null",30,601,25,"null","","",""
"2020-11-12T03:28:23Z","null","null",30,601,25,"null","","",""
"2020-11-12T03:28:28Z","null","null",30,601,25,"null","","",""
"2020-11-12T03:28:33Z","null","null",30,601,25,"null","","",""
"2020-11-12T03:28:39Z","null","null",30,601,25,"null","","",""
"2020-11-12T03:28:44Z","null","null",30,601,25,"null","","",""
"2020-11-12T03:28:49Z","null","null",30,601,25,"null","","",""
"2020-11-12T03:29:00Z","null","null",30,601,25,"null","","",""
"2020-11-12T03:29:06Z","null","null",30,601,25,"null","","",""
"2020-11-12T03:29:11Z","null","null",30,601,25,"null","","",""
"2020-11-12T03:29:17Z","null","null",30,601,25,"null","","",""
"2020-11-12T03:29:23Z","null","null",30,601,25,"null","","",""
"2020-11-12T03:29:28Z","null","null",30,601,25,"null","","",""
"2020-11-12T03:29:33Z","null","null",30,601,25,"null","","",""
"2020-11-12T03:29:39Z","null","null",30,601,25,"null","","",""
"2020-11-12T03:29:44Z","null","null",30,601,25,"null","","",""
"2020-11-12T03:29:49Z","null","null",30,601,25,"null","","",""
"2020-11-12T03:29:55Z","null","null",30,601,25,"null","","",""
"2020-11-12T03:30:00Z","null","null",31,601,25,"null","","",""
"2020-11-12T03:30:05Z","null","null",30,601,25,"null","","",""
"2020-11-12T03:30:11Z","null","null",30,601,25,"null","","",""
"2020-11-12T03:30:16Z","null","null",30,601,25,"null","","",""
"2020-11-12T03:30:22Z","null","null",30,601,25,"null","","",""
"2020-11-12T03:30:32Z","null","null",30,601,25,"null","","",""
"2020-11-12T03:30:38Z","null","null",30,601,25,"null","","",""
"2020-11-12T03:30:43Z","null","null",30,601,25,"null","","",""
"2020-11-12T03:30:49Z","null","null",30,601,25,"null","","",""
"2020-11-12T03:30:54Z","null","null",30,601,25,"null","","",""
"2020-11-12T03:31:00Z","null","null",30,601,25,"null","","",""
"2020-11-12T03:31:05Z","null","null",30,601,25,"null","","",""
"2020-11-12T03:31:10Z","null","null",30,601,25,"null","","",""
"2020-11-12T03:31:16Z","null","null",30,601,25,"null","","",""
"2020-11-12T03:31:21Z","null","null",30,601,25,"null","","",""
"2020-11-12T03:31:26Z","null","null",30,601,25,"null","","",""
"2020-11-12T03:31:32Z","null","null",30,601,25,"null","","",""
"2020-11-12T03:31:37Z","null","null",30,601,25,"null","","",""
"2020-11-12T03:31:43Z","null","null",30,601,25,"null","","",""
"2020-11-12T03:31:53Z","null","null",30,601,25,"null","","",""
"2020-11-12T03:31:59Z","null","null",30,601,25,"null","","",""
"2020-11-12T03:32:04Z","null","null",31,601,25,"null","","",""
"2020-11-12T03:32:09Z","null","null",30,601,25,"null","","",""
"2020-11-12T03:32:15Z","null","null",30,601,25,"null","","",""
"2020-11-12T03:32:20Z","null","null",30,601,25,"null","","",""
"2020-11-12T03:32:25Z","null","null",31,601,25,"null","","",""
"2020-11-12T03:32:31Z","null","null",30,601,25,"null","","",""
"2020-11-12T03:32:37Z","null","null",30,601,25,"null","","",""
"2020-11-12T03:32:46Z","null","null",30,601,25,"null","","",""
"2020-11-12T03:32:51Z","null","null",30,601,25,"null","","",""
"2020-11-12T03:32:56Z","null","null",30,601,25,"null","","",""
"2020-11-12T03:33:02Z","null","null",30,601,25,"null","","",""
"2020-11-12T03:33:07Z","null","null",29,601,25,"null","","",""
"2020-11-12T03:33:13Z","null","null",30,601,25,"null","","",""
"2020-11-12T03:33:18Z","null","null",30,601,25,"null","","",""
"2020-11-12T03:33:23Z","null","null",30,601,25,"null","","",""
"2020-11-12T03:33:29Z","null","null",30,601,25,"null","","",""
"2020-11-12T03:33:40Z","null","null",31,601,25,"null","","",""
"2020-11-12T03:33:45Z","null","null",30,601,25,"null","","",""
"2020-11-12T03:33:50Z","null","null",30,601,25,"null","","",""
"2020-11-12T03:33:56Z","null","null",30,601,25,"null","","",""
"2020-11-12T03:34:02Z","null","null",30,601,25,"null","","",""
"2020-11-12T03:34:08Z","null","null",30,601,25,"null","","",""
"2020-11-12T03:34:13Z","null","null",30,601,25,"null","","",""
"2020-11-12T03:34:19Z","null","null",30,601,25,"null","","",""
"2020-11-12T03:34:24Z","null","null",30,601,25,"null","","",""
"2020-11-12T03:34:29Z","null","null",30,601,25,"null","","",""
"2020-11-12T03:34:35Z","null","null",30,601,25,"null","","",""
"2020-11-12T03:34:40Z","null","null",30,601,25,"null","","",""
"2020-11-12T03:34:46Z","null","null",30,601,25,"null","","",""
"2020-11-12T03:34:51Z","null","null",30,601,25,"null","","",""
"2020-11-12T03:34:56Z","null","null",30,601,25,"null","","",""
"2020-11-12T03:35:03Z","null","null",30,601,25,"null","","",""
"2020-11-12T03:35:09Z","null","null",30,601,25,"null","","",""
"2020-11-12T03:35:15Z","null","null",30,601,25,"null","","",""
"2020-11-12T03:35:25Z","null","null",30,601,25,"null","","",""
"2020-11-12T03:35:31Z","null","null",30,601,25,"null","","",""
"2020-11-12T03:35:36Z","null","null",30,601,25,"null","","",""
"2020-11-12T03:35:41Z","null","null",30,601,25,"null","","",""
"2020-11-12T03:35:47Z","null","null",30,601,25,"null","","",""
"2020-11-12T03:35:52Z","null","null",30,601,25,"null","","",""
"2020-11-12T03:35:57Z","null","null",30,601,25,"null","","",""
"2020-11-12T03:36:03Z","null","null",30,601,25,"null","","",""
"2020-11-12T03:36:09Z","null","null",30,601,25,"null","","",""
"2020-11-12T03:36:14Z","null","null",30,601,25,"null","","",""
"2020-11-12T03:36:20Z","null","null",30,601,25,"null","","",""
"2020-11-12T03:36:25Z","null","null",30,601,25,"null","","",""
"2020-11-12T03:36:31Z","null","null",30,601,25,"null","","",""
"2020-11-12T03:36:36Z","null","null",30,601,25,"null","","",""
"2020-11-12T03:36:42Z","null","null",30,601,25,"null","","",""
"2020-11-12T03:36:53Z","null","null",30,601,25,"null","","",""
"2020-11-12T03:36:58Z","null","null",30,601,25,"null","","",""
"2020-11-12T03:37:04Z","null","null",30,601,25,"null","","",""
"2020-11-12T03:37:09Z","null","null",30,601,25,"null","","",""
"2020-11-12T03:37:14Z","null","null",30,601,25,"null","","",""
"2020-11-12T03:37:20Z","null","null",30,601,25,"null","","",""
"2020-11-12T03:37:26Z","null","null",30,601,25,"null","","",""
"2020-11-12T03:37:33Z","null","null",30,601,25,"null","","",""
"2020-11-12T03:37:38Z","null","null",30,601,25,"null","","",""
"2020-11-12T03:37:43Z","null","null",30,601,25,"null","","",""
"2020-11-12T03:37:49Z","null","null",30,601,25,"null","","",""
"2020-11-12T03:37:54Z","null","null",30,601,25,"null","","",""
"2020-11-12T03:38:00Z","null","null",30,601,25,"null","","",""
"2020-11-12T03:38:05Z","null","null",30,601,25,"null","","",""
"2020-11-12T03:38:10Z","null","null",30,601,25,"null","","",""
"2020-11-12T03:38:16Z","null","null",30,601,25,"null","","",""
"2020-11-12T03:38:21Z","null","null",31,601,25,"null","","",""
"2020-11-12T03:38:26Z","null","null",30,601,25,"null","","",""
"2020-11-12T03:38:31Z","null","null",30,601,25,"null","","",""
"2020-11-12T03:38:37Z","null","null",30,601,25,"null","","",""
"2020-11-12T03:38:47Z","null","null",30,601,25,"null","","",""
"2020-11-12T03:38:53Z","null","null",30,601,25,"null","","",""
"2020-11-12T03:38:58Z","null","null",30,601,25,"null","","",""
"2020-11-12T03:39:03Z","null","null",30,601,25,"null","","",""
"2020-11-12T03:39:09Z","null","null",30,601,25,"null","","",""
"2020-11-12T03:39:14Z","null","null",30,601,25,"null","","",""
"2020-11-12T03:39:20Z","null","null",30,601,25,"null","","",""
"2020-11-12T03:39:25Z","null","null",31,601,25,"null","","",""
"2020-11-12T03:39:30Z","null","null",30,601,25,"null","","",""
"2020-11-12T03:39:36Z","null","null",30,601,25,"null","","",""
"2020-11-12T03:39:41Z","null","null",30,601,25,"null","","",""
"2020-11-12T03:39:46Z","null","null",30,601,25,"null","","",""
"2020-11-12T03:39:52Z","null","null",30,601,25,"null","","",""
"2020-11-12T03:39:57Z","null","null",30,601,25,"null","","",""
"2020-11-12T03:40:03Z","null","null",30,601,25,"null","","",""
"2020-11-12T03:40:08Z","null","null",30,601,25,"null","","",""
"2020-11-12T03:40:19Z","null","null",30,601,25,"null","","",""
"2020-11-12T03:40:24Z","null","null",30,601,25,"null","","",""
"2020-11-12T03:40:30Z","null","null",30,601,25,"null","","",""
"2020-11-12T03:40:35Z","null","null",30,601,25,"null","","",""
"2020-11-12T03:40:41Z","null","null",30,601,25,"null","","",""
"2020-11-12T03:40:46Z","null","null",30,601,25,"null","","",""
"2020-11-12T03:40:51Z","null","null",30,601,25,"null","","",""
"2020-11-12T03:40:57Z","null","null",30,601,25,"null","","",""
"2020-11-12T03:41:02Z","null","null",30,601,25,"null","","",""
"2020-11-12T03:41:07Z","null","null",30,601,25,"null","","",""
"2020-11-12T03:41:13Z","null","null",30,601,25,"null","","",""
"2020-11-12T03:41:18Z","null","null",30,601,25,"null","","",""
"2020-11-12T03:41:29Z","null","null",30,601,25,"null","","",""
"2020-11-12T03:41:34Z","null","null",30,601,25,"null","","",""
"2020-11-12T03:41:40Z","null","null",30,601,25,"null","","",""
"2020-11-12T03:41:45Z","null","null",30,601,25,"null","","",""
"2020-11-12T03:41:50Z","null","null",30,601,25,"null","","",""
"2020-11-12T03:41:56Z","null","null",30,601,25,"null","","",""
"2020-11-12T03:42:01Z","null","null",30,601,25,"null","","",""
"2020-11-12T03:42:12Z","null","null",30,601,25,"null","","",""
"2020-11-12T03:42:17Z","null","null",30,601,25,"null","","",""
"2020-11-12T03:42:23Z","null","null",30,601,25,"null","","",""
"2020-11-12T03:42:28Z","null","null",30,601,25,"null","","",""
"2020-11-12T03:42:33Z","null","null",30,601,25,"null","","",""
"2020-11-12T03:42:39Z","null","null",30,601,25,"null","","",""
"2020-11-12T03:42:44Z","null","null",30,601,25,"null","","",""
"2020-11-12T03:42:50Z","null","null",30,601,25,"null","","",""
"2020-11-12T03:42:55Z","null","null",30,601,25,"null","","",""
"2020-11-12T03:43:01Z","null","null",30,601,25,"null","","",""
"2020-11-12T03:43:07Z","null","null",30,601,25,"null","","",""
"2020-11-12T03:43:12Z","null","null",30,601,25,"null","","",""
"2020-11-12T03:43:19Z","null","null",29,601,25,"null","","",""
"2020-11-12T03:43:24Z","null","null",30,601,25,"null","","",""
"2020-11-12T03:43:35Z","null","null",30,601,25,"null","","",""
"2020-11-12T03:43:40Z","null","null",30,601,25,"null","","",""
"2020-11-12T03:43:45Z","null","null",30,601,25,"null","","",""
"2020-11-12T03:43:51Z","null","null",30,601,25,"null","","",""
"2020-11-12T03:43:56Z","null","null",30,601,25,"null","","",""
"2020-11-12T03:44:01Z","null","null",30,601,25,"null","","",""
"2020-11-12T03:44:07Z","null","null",30,601,25,"null","","",""
"2020-11-12T03:44:12Z","null","null",30,601,25,"null","","",""
"2020-11-12T03:44:23Z","null","null",30,601,25,"null","","",""
"2020-11-12T03:44:28Z","null","null",30,601,25,"null","","",""
"2020-11-12T03:44:33Z","null","null",30,601,25,"null","","",""
"2020-11-12T03:44:39Z","null","null",30,601,25,"null","","",""
"2020-11-12T03:44:44Z","null","null",30,601,25,"null","","",""
"2020-11-12T03:44:49Z","null","null",30,601,25,"null","","",""
"2020-11-12T03:44:55Z","null","null",30,601,25,"null","","",""
"2020-11-12T03:45:00Z","null","null",30,601,25,"null","","",""
"2020-11-12T03:45:06Z","null","null",30,601,25,"null","","",""
"2020-11-12T03:45:11Z","null","null",30,601,25,"null","","",""
"2020-11-12T03:45:22Z","null","null",30,601,25,"null","","",""
"2020-11-12T03:45:28Z","null","null",30,601,25,"null","","",""
"2020-11-12T03:45:34Z","null","null",30,601,25,"null","","",""
"2020-11-12T03:45:39Z","null","null",30,601,25,"null","","",""
"2020-11-12T03:45:46Z","null","null",30,601,25,"null","","",""
"2020-11-12T03:45:51Z","null","null",30,601,25,"null","","",""
"2020-11-12T03:45:56Z","null","null",30,601,25,"null","","",""
"2020-11-12T03:46:02Z","null","null",30,601,25,"null","","",""
"2020-11-12T03:46:08Z","null","null",30,601,25,"null","","",""
"2020-11-12T03:46:18Z","null","null",30,601,25,"null","","",""
"2020-11-12T03:46:24Z","null","null",30,601,25,"null","","",""
"2020-11-12T03:46:29Z","null","null",30,600,25,"null","","",""
"2020-11-12T03:46:34Z","null","null",30,601,25,"null","","",""
"2020-11-12T03:46:40Z","null","null",30,601,25,"null","","",""
"2020-11-12T03:46:45Z","null","null",30,601,25,"null","","",""
"2020-11-12T03:46:51Z","null","null",30,601,25,"null","","",""
"2020-11-12T03:46:56Z","null","null",30,601,25,"null","","",""
"2020-11-12T03:47:02Z","null","null",30,601,25,"null","","",""
"2020-11-12T03:47:07Z","null","null",30,601,25,"null","","",""
"2020-11-12T03:47:12Z","null","null",30,601,25,"null","","",""
"2020-11-12T03:47:18Z","null","null",30,601,25,"null","","",""
"2020-11-12T03:47:23Z","null","null",30,601,25,"null","","",""
"2020-11-12T03:47:29Z","null","null",30,601,25,"null","","",""
"2020-11-12T03:47:34Z","null","null",30,601,25,"null","","",""
"2020-11-12T03:47:40Z","null","null",30,601,25,"null","","",""
"2020-11-12T03:47:45Z","null","null",30,601,25,"null","","",""
"2020-11-12T03:47:51Z","null","null",30,601,25,"null","","",""
"2020-11-12T03:48:02Z","null","null",30,601,25,"null","","",""
"2020-11-12T03:48:08Z","null","null",30,601,25,"null","","",""
"2020-11-12T03:48:19Z","null","null",30,601,25,"null","","",""
"2020-11-12T03:48:24Z","null","null",30,601,25,"null","","",""
"2020-11-12T03:48:30Z","null","null",30,601,25,"null","","",""
"2020-11-12T03:48:35Z","null","null",30,601,25,"null","","",""
"2020-11-12T03:48:41Z","null","null",30,601,25,"null","","",""
"2020-11-12T03:48:46Z","null","null",30,601,25,"null","","",""
"2020-11-12T03:48:51Z","null","null",30,601,25,"null","","",""
"2020-11-12T03:48:57Z","null","null",30,601,25,"null","","",""
"2020-11-12T03:49:02Z","null","null",30,601,25,"null","","",""
"2020-11-12T03:49:08Z","null","null",30,601,25,"null","","",""
"2020-11-12T03:49:14Z","null","null",30,601,25,"null","","",""
"2020-11-12T03:49:19Z","null","null",30,601,25,"null","","",""
"2020-11-12T03:49:24Z","null","null",30,601,25,"null","","",""
"2020-11-12T03:49:30Z","null","null",30,601,25,"null","","",""
"2020-11-12T03:49:41Z","null","null",30,601,25,"null","","",""
"2020-11-12T03:49:46Z","null","null",30,601,25,"null","","",""
"2020-11-12T03:49:51Z","null","null",30,601,25,"null","","",""
"2020-11-12T03:49:56Z","null","null",30,601,25,"null","","",""
"2020-11-12T03:50:02Z","null","null",30,601,25,"null","","",""
"2020-11-12T03:50:07Z","null","null",30,601,25,"null","","",""
"2020-11-12T03:50:13Z","null","null",30,601,25,"null","","",""
"2020-11-12T03:50:18Z","null","null",30,601,25,"null","","",""
"2020-11-12T03:50:24Z","null","null",30,601,25,"null","","",""
"2020-11-12T03:50:29Z","null","null",30,601,25,"null","","",""
"2020-11-12T03:50:35Z","null","null",30,601,25,"null","","",""
"2020-11-12T03:50:40Z","null","null",30,601,25,"null","","",""
"2020-11-12T03:50:51Z","null","null",30,601,25,"null","","",""
"2020-11-12T03:50:56Z","null","null",30,601,25,"null","","",""
"2020-11-12T03:51:02Z","null","null",30,601,25,"null","","",""
"2020-11-12T03:51:07Z","null","null",30,601,25,"null","","",""
"2020-11-12T03:51:13Z","null","null",30,601,25,"null","","",""
"2020-11-12T03:51:18Z","null","null",29,601,25,"null","","",""
"2020-11-12T03:51:23Z","null","null",30,601,25,"null","","",""
"2020-11-12T03:51:29Z","null","null",30,601,25,"null","","",""
"2020-11-12T03:51:34Z","null","null",30,601,25,"null","","",""
"2020-11-12T03:51:39Z","null","null",30,601,25,"null","","",""
"2020-11-12T03:51:45Z","null","null",30,601,25,"null","","",""
"2020-11-12T03:51:50Z","null","null",30,600,25,"null","","",""
"2020-11-12T03:51:56Z","null","null",30,601,25,"null","","",""
"2020-11-12T03:52:02Z","null","null",30,601,25,"null","","",""
"2020-11-12T03:52:07Z","null","null",30,601,25,"null","","",""
"2020-11-12T03:52:12Z","null","null",30,601,25,"null","","",""
"2020-11-12T03:52:18Z","null","null",30,601,25,"null","","",""
"2020-11-12T03:52:23Z","null","null",30,601,25,"null","","",""
"2020-11-12T03:52:29Z","null","null",30,601,25,"null","","",""
"2020-11-12T03:52:34Z","null","null",30,601,25,"null","","",""
"2020-11-12T03:52:39Z","null","null",30,601,25,"null","","",""
"2020-11-12T03:52:50Z","null","null",30,601,25,"null","","",""
"2020-11-12T03:52:56Z","null","null",30,601,25,"null","","",""
"2020-11-12T03:53:01Z","null","null",30,601,25,"null","","",""
"2020-11-12T03:53:06Z","null","null",30,601,25,"null","","",""
"2020-11-12T03:53:12Z","null","null",30,601,25,"null","","",""
"2020-11-12T03:53:17Z","null","null",30,601,25,"null","","",""
"2020-11-12T03:53:23Z","null","null",30,601,25,"null","","",""
"2020-11-12T03:53:28Z","null","null",30,601,25,"null","","",""
"2020-11-12T03:53:33Z","null","null",30,601,25,"null","","",""
"2020-11-12T03:53:39Z","null","null",30,601,25,"null","","",""
"2020-11-12T03:53:44Z","null","null",30,601,25,"null","","",""
"2020-11-12T03:53:50Z","null","null",30,601,25,"null","","",""
"2020-11-12T03:53:55Z","null","null",30,601,25,"null","","",""
"2020-11-12T03:54:00Z","null","null",30,601,25,"null","","",""
"2020-11-12T03:54:06Z","null","null",30,601,25,"null","","",""
"2020-11-12T03:54:17Z","null","null",30,601,25,"null","","",""
"2020-11-12T03:54:22Z","null","null",30,601,25,"null","","",""
"2020-11-12T03:54:28Z","null","null",30,601,25,"null","","",""
"2020-11-12T03:54:33Z","null","null",30,601,25,"null","","",""
"2020-11-12T03:54:38Z","null","null",30,601,25,"null","","",""
"2020-11-12T03:54:44Z","null","null",30,601,25,"null","","",""
"2020-11-12T03:54:49Z","null","null",30,601,25,"null","","",""
"2020-11-12T03:54:54Z","null","null",30,601,25,"null","","",""
"2020-11-12T03:55:01Z","null","null",30,601,25,"null","","",""
"2020-11-12T03:55:07Z","null","null",30,601,25,"null","","",""
"2020-11-12T03:55:12Z","null","null",30,601,25,"null","","",""
"2020-11-12T03:55:17Z","null","null",30,601,25,"null","","",""
"2020-11-12T03:55:23Z","null","null",30,601,25,"null","","",""
"2020-11-12T03:55:28Z","null","null",30,601,25,"null","","",""
"2020-11-12T03:55:33Z","null","null",30,601,25,"null","","",""
"2020-11-12T03:55:39Z","null","null",30,601,25,"null","","",""
"2020-11-12T03:55:44Z","null","null",30,601,25,"null","","",""
"2020-11-12T03:55:50Z","null","null",30,601,25,"null","","",""
"2020-11-12T03:56:00Z","null","null",30,601,25,"null","","",""
"2020-11-12T03:56:06Z","null","null",30,601,25,"null","","",""
"2020-11-12T03:56:11Z","null","null",29,601,25,"null","","",""
"2020-11-12T03:56:17Z","null","null",30,601,25,"null","","",""
"2020-11-12T03:56:22Z","null","null",30,601,25,"null","","",""
"2020-11-12T03:56:28Z","null","null",30,601,25,"null","","",""
"2020-11-12T03:56:33Z","null","null",30,601,25,"null","","",""
"2020-11-12T03:56:39Z","null","null",30,601,25,"null","","",""
"2020-11-12T03:56:44Z","null","null",31,601,25,"null","","",""
"2020-11-12T03:56:50Z","null","null",30,601,25,"null","","",""
"2020-11-12T03:56:55Z","null","null",30,601,25,"null","","",""
"2020-11-12T03:57:00Z","null","null",30,601,25,"null","","",""
"2020-11-12T03:57:06Z","null","null",30,601,25,"null","","",""
"2020-11-12T03:57:11Z","null","null",30,601,25,"null","","",""
"2020-11-12T03:57:16Z","null","null",30,601,25,"null","","",""
"2020-11-12T03:57:22Z","null","null",29,601,25,"null","","",""
"2020-11-12T03:57:27Z","null","null",30,601,25,"null","","",""
"2020-11-12T03:57:32Z","null","null",31,601,25,"null","","",""
"2020-11-12T03:57:38Z","null","null",30,601,25,"null","","",""
"2020-11-12T03:57:43Z","null","null",30,601,25,"null","","",""
"2020-11-12T03:57:54Z","null","null",30,601,25,"null","","",""
"2020-11-12T03:58:00Z","null","null",30,601,25,"null","","",""
"2020-11-12T03:58:05Z","null","null",30,601,25,"null","","",""
"2020-11-12T03:58:10Z","null","null",30,601,25,"null","","",""
"2020-11-12T03:58:16Z","null","null",30,601,25,"null","","",""
"2020-11-12T03:58:22Z","null","null",30,601,25,"null","","",""
"2020-11-12T03:58:28Z","null","null",30,601,25,"null","","",""
"2020-11-12T03:58:33Z","null","null",30,601,25,"null","","",""
"2020-11-12T03:58:38Z","null","null",30,601,25,"null","","",""
"2020-11-12T03:58:44Z","null","null",30,601,25,"null","","",""
"2020-11-12T03:58:49Z","null","null",30,601,25,"null","","",""
"2020-11-12T03:58:55Z","null","null",30,601,25,"null","","",""
"2020-11-12T03:59:00Z","null","null",30,601,25,"null","","",""
"2020-11-12T03:59:06Z","null","null",30,601,25,"null","","",""
"2020-11-12T03:59:11Z","null","null",30,601,25,"null","","",""
"2020-11-12T03:59:17Z","null","null",30,601,25,"null","","",""
"2020-11-12T03:59:22Z","null","null",30,601,25,"null","","",""
"2020-11-12T03:59:27Z","null","null",30,601,25,"null","","",""
"2020-11-12T03:59:33Z","null","null",30,601,25,"null","","",""
"2020-11-12T03:59:38Z","null","null",30,601,25,"null","","",""
"2020-11-12T03:59:43Z","null","null",30,601,25,"null","","",""
"2020-11-12T03:59:48Z","null","null",30,601,25,"null","","",""
"2020-11-12T03:59:54Z","null","null",30,601,25,"null","","",""
"2020-11-12T03:59:59Z","null","null",30,601,25,"null","","",""
"2020-11-12T04:00:05Z","null","null",30,601,25,"null","","",""
"2020-11-12T04:00:15Z","null","null",30,601,25,"null","","",""
"2020-11-12T04:00:21Z","null","null",30,601,25,"null","","",""
"2020-11-12T04:00:26Z","null","null",30,601,25,"null","","",""
"2020-11-12T04:00:31Z","null","null",30,601,25,"null","","",""
"2020-11-12T04:00:37Z","null","null",30,601,25,"null","","",""
"2020-11-12T04:00:42Z","null","null",30,601,25,"null","","",""
"2020-11-12T04:00:47Z","null","null",30,601,25,"null","","",""
"2020-11-12T04:00:53Z","null","null",30,601,25,"null","","",""
"2020-11-12T04:00:58Z","null","null",30,601,25,"null","","",""
"2020-11-12T04:01:03Z","null","null",30,601,25,"null","","",""
"2020-11-12T04:01:09Z","null","null",30,601,25,"null","","",""
"2020-11-12T04:01:14Z","null","null",30,601,25,"null","","",""
"2020-11-12T04:01:19Z","null","null",30,601,25,"null","","",""
"2020-11-12T04:01:25Z","null","null",30,601,25,"null","","",""
"2020-11-12T04:01:30Z","null","null",30,601,25,"null","","",""
"2020-11-12T04:01:37Z","null","null",30,601,25,"null","","",""
"2020-11-12T04:01:42Z","null","null",30,601,25,"null","","",""
"2020-11-12T04:01:53Z","null","null",30,601,25,"null","","",""
"2020-11-12T04:01:58Z","null","null",30,601,25,"null","","",""
"2020-11-12T04:02:03Z","null","null",30,601,25,"null","","",""
"2020-11-12T04:02:09Z","null","null",30,601,25,"null","","",""
"2020-11-12T04:02:14Z","null","null",30,601,25,"null","","",""
"2020-11-12T04:02:19Z","null","null",30,601,25,"null","","",""
"2020-11-12T04:02:24Z","null","null",30,601,25,"null","","",""
"2020-11-12T04:02:30Z","null","null",30,601,25,"null","","",""
"2020-11-12T04:02:35Z","null","null",30,601,25,"null","","",""
"2020-11-12T04:02:41Z","null","null",30,601,25,"null","","",""
"2020-11-12T04:02:46Z","null","null",29,601,25,"null","","",""
"2020-11-12T04:02:51Z","null","null",30,601,25,"null","","",""
"2020-11-12T04:02:57Z","null","null",30,601,25,"null","","",""
"2020-11-12T04:03:02Z","null","null",30,601,25,"null","","",""
"2020-11-12T04:03:08Z","null","null",30,601,25,"null","","",""
"2020-11-12T04:03:13Z","null","null",30,601,25,"null","","",""
"2020-11-12T04:03:24Z","null","null",30,601,25,"null","","",""
"2020-11-12T04:03:29Z","null","null",30,601,25,"null","","",""
"2020-11-12T04:03:34Z","null","null",30,601,25,"null","","",""
"2020-11-12T04:03:40Z","null","null",30,601,25,"null","","",""
"2020-11-12T04:03:45Z","null","null",30,601,25,"null","","",""
"2020-11-12T04:03:50Z","null","null",30,601,25,"null","","",""
"2020-11-12T04:03:56Z","null","null",30,601,25,"null","","",""
"2020-11-12T04:04:01Z","null","null",30,601,25,"null","","",""
"2020-11-12T04:04:07Z","null","null",30,601,25,"null","","",""
"2020-11-12T04:04:12Z","null","null",30,601,25,"null","","",""
"2020-11-12T04:04:17Z","null","null",30,601,25,"null","","",""
"2020-11-12T04:04:23Z","null","null",30,601,25,"null","","",""
"2020-11-12T04:04:28Z","null","null",30,601,25,"null","","",""
"2020-11-12T04:04:33Z","null","null",30,601,25,"null","","",""
"2020-11-12T04:04:39Z","null","null",30,601,25,"null","","",""
"2020-11-12T04:04:44Z","null","null",30,601,25,"null","","",""
"2020-11-12T04:04:50Z","null","null",30,601,25,"null","","",""
"2020-11-12T04:04:55Z","null","null",30,601,25,"null","","",""
"2020-11-12T04:05:06Z","null","null",30,601,25,"null","","",""
"2020-11-12T04:05:11Z","null","null",30,601,25,"null","","",""
"2020-11-12T04:05:17Z","null","null",30,601,25,"null","","",""
"2020-11-12T04:05:22Z","null","null",30,601,25,"null","","",""
"2020-11-12T04:05:28Z","null","null",30,601,25,"null","","",""
"2020-11-12T04:05:33Z","null","null",30,601,25,"null","","",""
"2020-11-12T04:05:38Z","null","null",30,601,25,"null","","",""
"2020-11-12T04:05:44Z","null","null",30,601,25,"null","","",""
"2020-11-12T04:05:49Z","null","null",30,601,25,"null","","",""
"2020-11-12T04:05:55Z","null","null",30,601,25,"null","","",""
"2020-11-12T04:06:00Z","null","null",30,601,25,"null","","",""
"2020-11-12T04:06:05Z","null","null",30,601,25,"null","","",""
"2020-11-12T04:06:11Z","null","null",30,601,25,"null","","",""
"2020-11-12T04:06:17Z","null","null",30,601,25,"null","","",""
"2020-11-12T04:06:22Z","null","null",30,601,25,"null","","",""
"2020-11-12T04:06:27Z","null","null",30,601,25,"null","","",""
"2020-11-12T04:06:33Z","null","null",30,601,25,"null","","",""
"2020-11-12T04:06:38Z","null","null",30,601,25,"null","","",""
"2020-11-12T04:06:45Z","null","null",30,601,25,"null","","",""
"2020-11-12T04:06:51Z","null","null",30,601,25,"null","","",""
"2020-11-12T04:06:56Z","null","null",30,601,25,"null","","",""
"2020-11-12T04:07:02Z","null","null",30,601,25,"null","","",""
"2020-11-12T04:07:07Z","null","null",30,601,25,"null","","",""
"2020-11-12T04:07:12Z","null","null",30,601,25,"null","","",""
"2020-11-12T04:07:18Z","null","null",31,601,25,"null","","",""
"2020-11-12T04:07:23Z","null","null",30,601,25,"null","","",""
"2020-11-12T04:07:28Z","null","null",30,601,25,"null","","",""
"2020-11-12T04:07:34Z","null","null",30,601,25,"null","","",""
"2020-11-12T04:07:41Z","null","null",30,601,25,"null","","",""
"2020-11-12T04:07:51Z","null","null",30,601,25,"null","","",""
"2020-11-12T04:07:57Z","null","null",30,601,25,"null","","",""
"2020-11-12T04:08:02Z","null","null",30,601,25,"null","","",""
"2020-11-12T04:08:08Z","null","null",30,601,25,"null","","",""
"2020-11-12T04:08:13Z","null","null",30,601,25,"null","","",""
"2020-11-12T04:08:18Z","null","null",30,601,25,"null","","",""
"2020-11-12T04:08:24Z","null","null",30,601,25,"null","","",""
"2020-11-12T04:08:29Z","null","null",31,601,25,"null","","",""
"2020-11-12T04:08:35Z","null","null",30,601,25,"null","","",""
"2020-11-12T04:08:40Z","null","null",30,601,25,"null","","",""
"2020-11-12T04:08:46Z","null","null",30,601,25,"null","","",""
"2020-11-12T04:08:51Z","null","null",30,601,25,"null","","",""
"2020-11-12T04:08:57Z","null","null",30,601,25,"null","","",""
"2020-11-12T04:09:03Z","null","null",30,601,25,"null","","",""
"2020-11-12T04:09:08Z","null","null",30,601,25,"null","","",""
"2020-11-12T04:09:14Z","null","null",30,601,25,"null","","",""
"2020-11-12T04:09:19Z","null","null",30,601,25,"null","","",""
"2020-11-12T04:09:30Z","null","null",30,601,25,"null","","",""
"2020-11-12T04:09:35Z","null","null",30,601,25,"null","","",""
"2020-11-12T04:09:40Z","null","null",30,601,25,"null","","",""
"2020-11-12T04:09:52Z","null","null",30,601,25,"null","","",""
"2020-11-12T04:09:57Z","null","null",30,601,25,"null","","",""
"2020-11-12T04:10:03Z","null","null",30,601,25,"null","","",""
"2020-11-12T04:10:08Z","null","null",30,601,25,"null","","",""
"2020-11-12T04:10:13Z","null","null",30,601,25,"null","","",""
"2020-11-12T04:10:19Z","null","null",30,601,25,"null","","",""
"2020-11-12T04:10:24Z","null","null",29,601,25,"null","","",""
"2020-11-12T04:10:30Z","null","null",30,601,25,"null","","",""
"2020-11-12T04:10:35Z","null","null",30,601,25,"null","","",""
"2020-11-12T04:10:40Z","null","null",30,601,25,"null","","",""
"2020-11-12T04:10:46Z","null","null",30,601,25,"null","","",""
"2020-11-12T04:10:51Z","null","null",30,601,25,"null","","",""
"2020-11-12T04:10:56Z","null","null",30,601,25,"null","","",""
"2020-11-12T04:11:03Z","null","null",30,601,25,"null","","",""
"2020-11-12T04:11:08Z","null","null",30,601,25,"null","","",""
"2020-11-12T04:11:13Z","null","null",30,601,25,"null","","",""
"2020-11-12T04:11:19Z","null","null",30,601,25,"null","","",""
"2020-11-12T04:11:24Z","null","null",30,601,25,"null","","",""
"2020-11-12T04:11:35Z","null","null",30,601,25,"null","","",""
"2020-11-12T04:11:40Z","null","null",30,601,25,"null","","",""
"2020-11-12T04:11:46Z","null","null",30,601,25,"null","","",""
"2020-11-12T04:11:52Z","null","null",30,601,25,"null","","",""
"2020-11-12T04:11:57Z","null","null",30,601,25,"null","","",""
"2020-11-12T04:12:03Z","null","null",30,601,25,"null","","",""
"2020-11-12T04:12:09Z","null","null",30,601,25,"null","","",""
"2020-11-12T04:12:14Z","null","null",30,601,25,"null","","",""
"2020-11-12T04:12:20Z","null","null",30,601,25,"null","","",""
"2020-11-12T04:12:25Z","null","null",30,601,25,"null","","",""
"2020-11-12T04:12:30Z","null","null",30,601,25,"null","","",""
"2020-11-12T04:12:36Z","null","null",30,601,25,"null","","",""
"2020-11-12T04:12:41Z","null","null",30,601,25,"null","","",""
"2020-11-12T04:12:46Z","null","null",30,601,25,"null","","",""
"2020-11-12T04:12:52Z","null","null",30,601,25,"null","","",""
"2020-11-12T04:12:57Z","null","null",30,601,25,"null","","",""
"2020-11-12T04:13:03Z","null","null",30,601,25,"null","","",""
"2020-11-12T04:13:08Z","null","null",30,601,25,"null","","",""
"2020-11-12T04:13:14Z","null","null",30,601,25,"null","","",""
"2020-11-12T04:13:19Z","null","null",30,601,25,"null","","",""
"2020-11-12T04:13:30Z","null","null",30,601,25,"null","","",""
"2020-11-12T04:13:35Z","null","null",30,601,25,"null","","",""
"2020-11-12T04:13:40Z","null","null",30,601,25,"null","","",""
"2020-11-12T04:13:46Z","null","null",30,601,25,"null","","",""
"2020-11-12T04:13:51Z","null","null",30,601,25,"null","","",""
"2020-11-12T04:13:56Z","null","null",30,601,25,"null","","",""
"2020-11-12T04:14:02Z","null","null",30,601,25,"null","","",""
"2020-11-12T04:14:07Z","null","null",30,601,25,"null","","",""
"2020-11-12T04:14:13Z","null","null",30,601,25,"null","","",""
"2020-11-12T04:14:18Z","null","null",30,601,25,"null","","",""
"2020-11-12T04:14:24Z","null","null",30,601,25,"null","","",""
"2020-11-12T04:14:29Z","null","null",30,601,25,"null","","",""
"2020-11-12T04:14:35Z","null","null",30,601,25,"null","","",""
"2020-11-12T04:14:42Z","null","null",30,601,25,"null","","",""
"2020-11-12T04:14:48Z","null","null",30,601,25,"null","","",""
"2020-11-12T04:14:53Z","null","null",30,601,25,"null","","",""
"2020-11-12T04:14:59Z","null","null",30,601,25,"null","","",""
"2020-11-12T04:15:04Z","null","null",30,601,25,"null","","",""
"2020-11-12T04:15:10Z","null","null",30,601,25,"null","","",""
"2020-11-12T04:15:15Z","null","null",30,601,25,"null","","",""
"2020-11-12T04:15:20Z","null","null",30,601,25,"null","","",""
"2020-11-12T04:15:26Z","null","null",30,601,25,"null","","",""
"2020-11-12T04:15:31Z","null","null",30,601,25,"null","","",""
"2020-11-12T04:15:37Z","null","null",30,601,25,"null","","",""
"2020-11-12T04:15:42Z","null","null",30,601,25,"null","","",""
"2020-11-12T04:15:47Z","null","null",30,601,25,"null","","",""
"2020-11-12T04:15:53Z","null","null",30,601,25,"null","","",""
"2020-11-12T04:15:58Z","null","null",30,601,25,"null","","",""
"2020-11-12T04:16:04Z","null","null",30,601,25,"null","","",""
"2020-11-12T04:16:14Z","null","null",30,601,25,"null","","",""
"2020-11-12T04:16:20Z","null","null",30,601,25,"null","","",""
"2020-11-12T04:16:25Z","null","null",30,601,25,"null","","",""
"2020-11-12T04:16:30Z","null","null",30,601,25,"null","","",""
"2020-11-12T04:16:36Z","null","null",30,601,25,"null","","",""
"2020-11-12T04:16:41Z","null","null",30,601,25,"null","","",""
"2020-11-12T04:16:46Z","null","null",30,601,25,"null","","",""
"2020-11-12T04:16:52Z","null","null",30,601,25,"null","","",""
"2020-11-12T04:16:57Z","null","null",30,601,25,"null","","",""
"2020-11-12T04:17:03Z","null","null",30,601,25,"null","","",""
"2020-11-12T04:17:08Z","null","null",30,601,25,"null","","",""
"2020-11-12T04:17:13Z","null","null",30,601,25,"null","","",""
"2020-11-12T04:17:18Z","null","null",30,601,25,"null","","",""
"2020-11-12T04:17:29Z","null","null",30,601,25,"null","","",""
"2020-11-12T04:17:34Z","null","null",30,601,25,"null","","",""
"2020-11-12T04:17:40Z","null","null",30,601,25,"null","","",""
"2020-11-12T04:17:45Z","null","null",30,601,25,"null","","",""
"2020-11-12T04:17:51Z","null","null",30,601,25,"null","","",""
"2020-11-12T04:17:56Z","null","null",30,601,25,"null","","",""
"2020-11-12T04:18:02Z","null","null",30,601,25,"null","","",""
"2020-11-12T04:18:07Z","null","null",30,601,25,"null","","",""
"2020-11-12T04:18:12Z","null","null",30,601,25,"null","","",""
"2020-11-12T04:18:18Z","null","null",30,601,25,"null","","",""
"2020-11-12T04:18:23Z","null","null",30,601,25,"null","","",""
"2020-11-12T04:18:29Z","null","null",30,601,25,"null","","",""
"2020-11-12T04:18:35Z","null","null",30,601,25,"null","","",""
"2020-11-12T04:18:40Z","null","null",30,601,25,"null","","",""
"2020-11-12T04:18:45Z","null","null",30,601,25,"null","","",""
"2020-11-12T04:18:51Z","null","null",30,601,25,"null","","",""
"2020-11-12T04:18:56Z","null","null",30,601,25,"null","","",""
"2020-11-12T04:19:01Z","null","null",30,601,25,"null","","",""
"2020-11-12T04:19:07Z","null","null",30,601,25,"null","","",""
"2020-11-12T04:19:12Z","null","null",30,601,25,"null","","",""
"2020-11-12T04:19:18Z","null","null",30,601,25,"null","","",""
"2020-11-12T04:19:28Z","null","null",30,601,25,"null","","",""
"2020-11-12T04:19:33Z","null","null",30,601,25,"null","","",""
"2020-11-12T04:19:39Z","null","null",30,601,25,"null","","",""
"2020-11-12T04:19:44Z","null","null",30,601,25,"null","","",""
"2020-11-12T04:19:50Z","null","null",30,601,25,"null","","",""
"2020-11-12T04:19:55Z","null","null",30,601,25,"null","","",""
"2020-11-12T04:20:01Z","null","null",30,601,25,"null","","",""
"2020-11-12T04:20:07Z","null","null",30,601,25,"null","","",""
"2020-11-12T04:20:12Z","null","null",30,601,25,"null","","",""
"2020-11-12T04:20:18Z","null","null",30,601,25,"null","","",""
"2020-11-12T04:20:23Z","null","null",30,601,25,"null","","",""
"2020-11-12T04:20:28Z","null","null",30,601,25,"null","","",""
"2020-11-12T04:20:35Z","null","null",30,601,25,"null","","",""
"2020-11-12T04:20:41Z","null","null",30,601,25,"null","","",""
"2020-11-12T04:20:46Z","null","null",30,601,25,"null","","",""
"2020-11-12T04:20:52Z","null","null",30,601,25,"null","","",""
"2020-11-12T04:20:57Z","null","null",30,601,25,"null","","",""
"2020-11-12T04:21:02Z","null","null",30,601,25,"null","","",""
"2020-11-12T04:21:08Z","null","null",30,601,25,"null","","",""
"2020-11-12T04:21:13Z","null","null",30,601,25,"null","","",""
"2020-11-12T04:21:18Z","null","null",30,601,25,"null","","",""
"2020-11-12T04:21:24Z","null","null",30,601,25,"null","","",""
"2020-11-12T04:21:29Z","null","null",30,601,25,"null","","",""
"2020-11-12T04:21:34Z","null","null",30,601,25,"null","","",""
"2020-11-12T04:21:40Z","null","null",30,601,25,"null","","",""
"2020-11-12T04:21:45Z","null","null",30,601,25,"null","","",""
"2020-11-12T04:21:50Z","null","null",30,600,25,"null","","",""
"2020-11-12T04:22:01Z","null","null",30,601,25,"null","","",""
"2020-11-12T04:22:07Z","null","null",30,601,25,"null","","",""
"2020-11-12T04:22:13Z","null","null",29,601,25,"null","","",""
"2020-11-12T04:22:18Z","null","null",30,601,25,"null","","",""
"2020-11-12T04:22:24Z","null","null",30,601,25,"null","","",""
"2020-11-12T04:22:29Z","null","null",30,601,25,"null","","",""
"2020-11-12T04:22:35Z","null","null",30,601,25,"null","","",""
"2020-11-12T04:22:40Z","null","null",30,601,25,"null","","",""
"2020-11-12T04:22:45Z","null","null",30,601,25,"null","","",""
"2020-11-12T04:22:51Z","null","null",30,601,25,"null","","",""
"2020-11-12T04:22:56Z","null","null",30,601,25,"null","","",""
"2020-11-12T04:23:01Z","null","null",30,601,25,"null","","",""
"2020-11-12T04:23:08Z","null","null",30,601,25,"null","","",""
"2020-11-12T04:23:13Z","null","null",30,601,25,"null","","",""
"2020-11-12T04:23:18Z","null","null",30,601,25,"null","","",""
"2020-11-12T04:23:24Z","null","null",30,601,25,"null","","",""
"2020-11-12T04:23:29Z","null","null",30,601,25,"null","","",""
"2020-11-12T04:23:34Z","null","null",30,601,25,"null","","",""
"2020-11-12T04:23:40Z","null","null",30,601,25,"null","","",""
"2020-11-12T04:23:45Z","null","null",30,601,25,"null","","",""
"2020-11-12T04:23:51Z","null","null",30,601,25,"null","","",""
"2020-11-12T04:23:57Z","null","null",30,601,25,"null","","",""
"2020-11-12T04:24:02Z","null","null",30,601,25,"null","","",""
"2020-11-12T04:24:07Z","null","null",30,601,25,"null","","",""
"2020-11-12T15:44:48Z","null","null",30,601,25,"null","","",""
"2020-11-12T15:45:03Z","null","null",30,601,25,"null","","",""
"2020-11-12T15:45:08Z","null","null",30,601,25,"null","","",""
"2020-11-12T15:45:14Z","null","null",30,601,25,"null","","",""
"2020-11-12T15:46:06Z","null","null",30,601,25,"null","","",""
"2020-11-12T15:46:37Z","null","null",30,601,25,"null","","",""
"2020-11-12T15:46:52Z","null","null",30,601,25,"null","","",""
"2020-11-12T15:47:02Z","null","null",30,601,25,"null","","",""
"2020-11-12T15:47:15Z","null","null",30,601,25,"null","","",""
"2020-11-12T15:49:30Z","null","null",30,601,25,"null","","",""
"2020-11-12T15:49:39Z","null","null",30,601,25,"null","","",""
"2020-11-12T15:50:37Z","null","null",30,601,25,"null","","",""
"2020-11-12T15:50:44Z","null","null",30,601,25,"null","","",""
"2020-11-12T15:51:47Z","null","null",30,601,25,"null","","",""
"2020-11-12T15:51:53Z","null","null",30,601,25,"null","","",""
"2020-11-12T15:52:09Z","null","null",30,601,25,"null","","",""
"2020-11-12T15:52:15Z","null","null",30,601,25,"null","","",""
"2020-11-12T15:52:20Z","null","null",30,601,25,"null","","",""
"2020-11-12T15:53:32Z","null","null",30,601,25,"null","","",""
"2020-11-12T15:53:37Z","null","null",30,601,25,"null","","",""
"2020-11-12T15:53:43Z","null","null",30,601,52,"null","","",""
"2020-11-12T15:53:48Z","null","null",30,601,54,"null","","",""
"2020-11-12T16:20:43Z","null","null",45,1013,25,"null","","",""
"2020-11-12T16:20:48Z","null","null",45,1013,25,"null","","",""
"2020-11-12T16:20:53Z","null","null",45,1013,25,"null","","",""
"2020-11-12T16:20:58Z","null","null",45,1013,25,"null","","",""
"2020-11-12T16:21:04Z","null","null",45,1013,25,"null","","",""
"2020-11-12T16:21:14Z","null","null",45,1013,25,"null","","",""
"2020-11-12T16:21:20Z","null","null",45,1013,42,"null","","",""
"2020-11-12T16:21:25Z","null","null",45,1013,42,"null","","",""
"2020-11-12T16:21:30Z","null","null",45,1013,42,"null","","",""
"2020-11-12T17:52:11Z","null","null",37,860,40,"null","","",""
"2020-11-19T01:27:56Z","null","null",30,579,30,"null","","",""
"2020-11-19T01:29:06Z","null","null",45,843,25,"null","","",""
"2020-11-19T01:42:19Z","null","null",45,846,25,"null","","",""
"2020-11-25T00:04:23Z","null","null",30,1105,25,"null","","",""
"2020-11-25T00:04:28Z","null","null",30,1105,25,"null","","",""
"2020-11-25T00:04:44Z","null","null",30,1105,25,"null","","",""
"2020-11-25T00:05:16Z","null","null",30,1105,25,"null","","",""
"2020-11-25T00:13:03Z","null","null",30,1105,25,"null",10.0,10.0,10.0
"2020-11-25T00:17:14Z","null","null",30,1105,25,"null",10,10,10
"2020-11-26T15:16:03Z","null","null",45,1013,25,"null",0,0,0
"2020-11-26T15:42:45Z","null","null",45,1013,25,"null",5,5,5
"2020-12-03T04:04:11Z","null","null",54,758,-30,"null",0.0,0.0,0.0
"2020-12-03T04:04:16Z","null","null",54,758,-30,"null",0.0,0.0,0.0
"2020-12-03T04:04:21Z","null","null",54,758,-30,"null",0.0,0.0,0.0
"2020-12-03T12:50:55Z","null","null",0,260,-30,"null",0.0,0.0,0.0
"2020-12-03T12:51:37Z","null","null",0,260,-30,"null",0.0,0.0,0.0
"2020-12-03T12:52:09Z","null","null",0,260,-30,"null",0.0,0.0,0.0
"2020-12-03T12:52:41Z","null","null",0,260,-30,"null",0.0,0.0,0.0
"2020-12-03T12:53:28Z","null","null",0,260,-30,"null",0.0,0.0,0.0
"2020-12-03T12:53:34Z","null","null",0,260,-30,"null",0.0,0.0,0.0
"2020-12-03T12:55:09Z","null","null",0,260,-30,"null",0.0,0.0,0.0
"2020-12-03T12:55:19Z","null","null",0,260,-30,"null",0.0,0.0,0.0
"2020-12-03T12:55:36Z","null","null",0,260,-30,"null",0.0,0.0,0.0
"2020-12-03T12:55:41Z","null","null",0,260,-30,"null",0.0,0.0,0.0
